{"youtubeInfos":[{"code":"MSFT","api_cnt":13,"api_view":86394,"api_like":7067,"api_dislike":196,"api_comment":989},{"code":"ORCL","api_cnt":1,"api_view":1022,"api_like":10,"api_dislike":1,"api_comment":34},{"code":"AAPL","api_cnt":43,"api_view":338934,"api_like":23533,"api_dislike":757,"api_comment":4368},{"code":"IBM","api_cnt":1,"api_view":19319,"api_like":838,"api_dislike":31,"api_comment":382},{"code":"GOOGL","api_cnt":1,"api_view":2839,"api_like":133,"api_dislike":1,"api_comment":33},{"code":"FB","api_cnt":4,"api_view":38202,"api_like":2035,"api_dislike":46,"api_comment":584},{"code":"NFLX","api_cnt":4,"api_view":16584,"api_like":735,"api_dislike":23,"api_comment":300},{"code":"DIS","api_cnt":1,"api_view":8670,"api_like":587,"api_dislike":5,"api_comment":54},{"code":"AMZN","api_cnt":26,"api_view":302791,"api_like":21507,"api_dislike":392,"api_comment":2938},{"code":"TSLA","api_cnt":50,"api_view":1618675,"api_like":115259,"api_dislike":1900,"api_comment":13849},{"code":"SBUX","api_cnt":1,"api_view":3256,"api_like":202,"api_dislike":2,"api_comment":20},{"code":"NKE","api_cnt":1,"api_view":13316,"api_like":618,"api_dislike":18,"api_comment":269},{"code":"WMT","api_cnt":3,"api_view":20600,"api_like":1117,"api_dislike":30,"api_comment":127},{"code":"COST","api_cnt":48,"api_view":591934,"api_like":35615,"api_dislike":1066,"api_comment":5677},{"code":"KO","api_cnt":12,"api_view":559435,"api_like":31622,"api_dislike":1018,"api_comment":1569},{"code":"PEP","api_cnt":0,"api_view":0,"api_like":0,"api_dislike":0,"api_comment":0},{"code":"V","api_cnt":50,"api_view":3140570,"api_like":139841,"api_dislike":3681,"api_comment":20428},{"code":"PYPL","api_cnt":5,"api_view":24069,"api_like":1071,"api_dislike":32,"api_comment":315},{"code":"BAC","api_cnt":2,"api_view":6589,"api_like":311,"api_dislike":18,"api_comment":88},{"code":"C","api_cnt":5,"api_view":45838,"api_like":2872,"api_dislike":31,"api_comment":610},{"code":"WFC","api_cnt":12,"api_view":47631,"api_like":2433,"api_dislike":45,"api_comment":367},{"code":"JNJ","api_cnt":2,"api_view":3190,"api_like":105,"api_dislike":3,"api_comment":33},{"code":"PFE","api_cnt":48,"api_view":425967,"api_like":27980,"api_dislike":641,"api_comment":4588},{"code":"UNH","api_cnt":0,"api_view":0,"api_like":0,"api_dislike":0,"api_comment":0},{"code":"AMGN","api_cnt":0,"api_view":0,"api_like":0,"api_dislike":0,"api_comment":0},{"code":"LLY","api_cnt":0,"api_view":0,"api_like":0,"api_dislike":0,"api_comment":0},{"code":"HON","api_cnt":0,"api_view":0,"api_like":0,"api_dislike":0,"api_comment":0},{"code":"UNP","api_cnt":1,"api_view":5778,"api_like":417,"api_dislike":3,"api_comment":38},{"code":"MMM","api_cnt":12,"api_view":60236,"api_like":3101,"api_dislike":52,"api_comment":906},{"code":"TT","api_cnt":2,"api_view":2543,"api_like":170,"api_dislike":4,"api_comment":34},{"code":"LMT","api_cnt":2,"api_view":2444,"api_like":202,"api_dislike":6,"api_comment":140},{"code":"AMT","api_cnt":0,"api_view":0,"api_like":0,"api_dislike":0,"api_comment":0},{"code":"EQIX","api_cnt":0,"api_view":0,"api_like":0,"api_dislike":0,"api_comment":0},{"code":"PLD","api_cnt":0,"api_view":0,"api_like":0,"api_dislike":0,"api_comment":0},{"code":"O","api_cnt":8,"api_view":176033,"api_like":9294,"api_dislike":151,"api_comment":698}]}